protocol_name,scenario_id,score,guard_ok,Q30,anchor_Q30,delta_Q30,plating_loss,anchor_plating_loss,delta_plating_loss,sei_growth,anchor_sei_growth,delta_sei_growth,total_lli,anchor_total_lli,delta_total_lli,success
UA5_PSMS_2.90C_rest11m_4.10C_e4.50_v4p14_h2.65_1p5m_stagemask,nominal,0.28869939159212304,True,0.0985817735681499,0.08989501345816822,0.09663227998763223,0.13966091940898745,0.3221755155634952,0.5665067248679153,57.978103814197254,58.362167723656874,0.0065806998684173465,0.007243160078156294,0.014066515184779317,0.4850778616445272,True
UA5_PSMS_3.00C_rest10m_4.20C_e4.20_v4p14_h2.55_1m_stagemask,nominal,0.017696524531274297,True,0.09467135263161384,0.08989501345816822,0.05313241513299564,0.3218373881357771,0.3221755155634952,0.0010495131112825534,57.56184566034892,58.362167723656874,0.013713028397050865,0.014025846899196547,0.014066515184779317,0.0028911414837681356,True
BO_3step_aggressive,nominal,0.0,True,0.08989501345816822,0.08989501345816822,0.0,0.3221755155634952,0.3221755155634952,0.0,58.362167723656874,58.362167723656874,0.0,0.014066515184779317,0.014066515184779317,0.0,True
BO_3step_conservative,nominal,0.2887408519542715,False,0.030208333333333327,0.08989501345816822,-0.6639598552661602,0.0014056407128248296,0.3221755155634952,0.9956370343340141,59.76628057955572,58.362167723656874,-0.024058613836060328,0.002147326089808862,0.014066515184779317,0.8473448425852924,True
UA5_PSMS_3.05C_rest8m_4.25C_e4.25_v4p14_h3.35_0m_stagemask,nominal,-0.09038581317433425,False,0.040582541057670216,0.08989501345816822,-0.5485562602807228,0.32096017918306696,0.3221755155634952,0.003772280392886448,49.18988824654195,58.362167723656874,0.15716139127226042,0.013699669810076448,0.014066515184779317,0.026079335918238945,True
