rank,protocol_name,protocol_type,success_rate,guard_pass_rate,mean_score,worst_score,score_std,robust_utility,mean_delta_Q30,worst_delta_Q30,mean_delta_plating_loss,worst_delta_plating_loss,mean_delta_sei_growth,worst_delta_sei_growth,mean_delta_total_lli,worst_delta_total_lli
1,UA5_PSMS_3.00C_rest10m_4.30C_e4.50_v4p18_h3.35_1p5m,UA5_PSMS_Candidate,1.0,1.0,0.08772138016231064,0.0032145165359606016,0.04879068573662994,0.07064464015449017,0.0035159839454180692,0.00031636251062799344,0.20772537501597801,0.0,0.002223947816971016,0.0007850727650767798,0.13742021387087544,0.00011288713687798549
2,UA4_EVTBO_3.00C_rest10m_4.30C_v4p16,UA4_EVTBO_Candidate,1.0,1.0,0.0,0.0,0.0,0.0,0.0,0.0,0.0,0.0,0.0,0.0,0.0,0.0
3,BO_3step_aggressive,BO_Optimal,1.0,0.0,-0.5081987322935504,-0.7065134543559844,0.28421102560627576,-0.6076725912557469,0.0032581218892010853,-0.055911951044323366,-1.203808176274318,-1.7028699508091794,-0.030930700215722525,-0.03811265444876753,-0.8013141745733622,-1.1117048595222645
